test,Days,uid
test,Day 00,572035
test,Day 01,556092
test,Day 02,530015
test,Day 03,498596
test,Day 04,591180
test,Day 05,638195
test,Day 06,580979
test,Day 07,546166
test,Day 08,564794
test,Day 09,500383
test,Day 10,460907
test,Day 11,574411
test,Day 12,609323
test,Day 13,553089
test,Day 14,522063
test,Day 15,505808
test,Day 16,477680
test,Day 17,450258
test,Day 18,538532
test,Day 19,582350
test,Day 20,552965
test,Day 21,562085
test,Day 22,528347
test,Day 23,506792
test,Day 24,436408
test,Day 25,507128
test,Day 26,581336
test,Day 27,518487
test,Day 28,459375
test,Day 29,493827
test,Day 30,469451
